monster_name,fraction,count,cr,xp
aarakocra,0.6227693602693603,6.166666666666667,0.25,50
aarakocra simulacrum,0.06666666666666667,1.0,0.125,25
aartuk elder,0.06924297924297924,1.0,3.0,700
abhorrent overlord,0.33091619422888774,1.4545454545454546,9.0,5000
abjurer,0.9483695652173914,1.065217391304348,9.0,5000
abjurer wizard,0.2615483854403522,1.1578947368421053,9.0,5000
aboleth,0.5023997557997558,1.28,10.0,5900
aboleth spawn,0.780952380952381,3.2,5.0,1800
abominable yeti,0.5653780176091389,2.5217391304347827,9.0,5000
abyssal chicken,0.3217733340499775,3.375,0.25,50
abyssal wretch,0.44307126696832577,1.75,0.25,50
acererak,0.37811791383219956,1.1428571428571428,23.0,50000
acolyte,0.39150641025641025,1.7777777777777777,0.25,50
adult amethyst dragon,0.23809523809523808,1.25,16.0,15000
adult black dragon,0.565933140933141,1.2592592592592593,14.0,11500
adult blue dracolich,0.31004183724771955,1.0,17.0,18000
adult blue dragon,0.4750832500832501,1.1428571428571428,16.0,15000
adult brass dragon,0.6304592843054381,1.0,13.0,10000
adult bronze dragon,0.27514419736641954,1.2222222222222223,15.0,13000
adult copper dragon,0.13675213675213674,1.0,14.0,11500
adult crystal dragon,0.6053030303030303,1.0909090909090908,12.0,8400
adult deep dragon,0.5384615384615384,1.5,11.0,7200
adult emerald dragon,0.29126984126984123,1.0,14.0,11500
adult gold dragon,0.5689151674349042,1.125,17.0,18000
adult green dragon,0.49650997150997145,1.0,15.0,13000
adult kruthik,0.5445861897390535,3.5,2.0,450
adult moonstone dragon,0.75,3.0,15.0,13000
adult oblex,0.3925170068027211,1.5714285714285714,5.0,1800
adult red dracolich,0.3523611111111111,1.125,17.0,18000
adult red dragon,0.4645095386639504,1.05,17.0,18000
adult sapphire dragon,0.5555555555555556,1.0,15.0,13000
adult silver dragon,0.26727716727716727,1.0,16.0,15000
adult solar dragon,1.0,1.0,14.0,11500
adult topaz dragon,0.5912698412698413,1.1428571428571428,13.0,10000
adult white dragon,0.37660776466332024,1.2222222222222223,13.0,10000
aeorian absorber,0.3761734997029114,2.1666666666666665,10.0,5900
aeorian nullifier,0.26908496732026144,2.0,12.0,8400
aeorian reverser,0.41274509803921566,1.75,8.0,3900
agdon longscarf,0.1984126984126984,1.5,2.0,450
ahmaergo,0.08333333333333333,1.0,9.0,5000
air elemental,0.5284829359094065,2.183333333333333,5.0,1800
air elemental myrmidon,0.5222222222222223,1.8,7.0,2900
akroan hoplite,0.7772435897435898,4.25,3.0,700
alagarthas,0.25,1.0,3.0,700
aldani (lobsterfolk),0.7083333333333333,2.5,1.0,200
alhoon,0.5744949494949495,1.2857142857142858,10.0,5900
alkilith,0.20970643939393938,1.0,11.0,7200
allip,0.3576278342209715,1.9444444444444444,5.0,1800
allosaurus,0.5809764309764309,1.2727272727272727,2.0,450
alseid,0.14484126984126985,1.0,1.0,200
alyxian the absolved,0.2,1.0,14.0,11500
alyxian the callous,0.75,1.0,12.0,8400
alyxian the tormented,0.5,1.0,11.0,7200
amarith coppervein,1.0,1.0,3.0,700
ambush drake,0.4207692307692308,2.8,0.5,100
amethyst dragon wyrmling,0.5504761904761905,1.8,4.0,1100
amethyst greatwyrm,1.0,1.0,26.0,90000
amnizu,0.1273015873015873,1.2,18.0,20000
amphisbaena,0.712121212121212,1.75,3.0,700
amrik vanthampur,0.3333333333333333,1.0,3.0,700
anarch,0.4,2.0,0.25,50
ancient amethyst dragon,0.75,1.0,23.0,50000
ancient black dragon,0.6892156862745098,1.1,21.0,33000
ancient blue dragon,0.6733333333333333,1.4,23.0,50000
ancient brass dragon,0.41553446553446555,1.2857142857142858,20.0,25000
ancient bronze dragon,0.4204822954822955,1.6666666666666667,22.0,41000
ancient copper dragon,0.23012820512820512,1.25,21.0,33000
ancient crystal dragon,0.8333333333333334,1.0,19.0,22000
ancient deep crow,0.5083333333333333,1.5,15.0,13000
ancient deep dragon,1.0,1.0,18.0,20000
ancient dragon turtle,0.875,1.0,24.0,62000
ancient emerald dragon,0.28273809523809523,1.0,21.0,33000
ancient gold dragon,0.7153846153846153,1.0,24.0,62000
ancient green dragon,0.5048076923076923,1.25,22.0,41000
ancient lunar dragon,0.41666666666666663,1.2,19.0,22000
ancient moonstone dragon,0.29166666666666663,1.0,21.0,33000
ancient red dragon,0.5506653862011005,1.4,24.0,62000
ancient sea serpent,0.4127272727272727,2.0,14.0,11500
ancient silver dragon,0.3892773892773893,1.0,23.0,50000
ancient solar dragon,1.0,2.0,21.0,33000
ancient topaz dragon,0.41904761904761906,1.0,20.0,25000
ancient white dragon,0.40268650739238976,1.0,20.0,25000
androsphinx,0.63,1.0,17.0,18000
angel,0.25,6.0,10.0,5900
angry sorrowsworn,0.4444444444444444,2.0,13.0,10000
animated armor,0.6153968253968254,2.9,1.0,200
animated ballista,0.30833333333333335,1.75,2.0,450
animated breath,0.8133333333333332,1.2,6.0,2300
animated broom,0.7,2.0,0.25,50
animated chained library,0.5822222222222222,1.4,1.0,200
animated glass statue,0.29166666666666663,1.5,1.0,200
animated halberd,0.34920634920634913,2.3333333333333335,0.25,50
animated knife,0.3333333333333333,2.0,0.125,25
animated statue of lolth,0.5833333333333333,1.5,11.0,7200
animated stove,0.4333333333333333,1.6,3.0,700
animated table,0.5,3.0,2.0,450
animated tree,0.3844052279458978,2.727272727272727,9.0,5000
ankheg,0.7042207792207792,3.1363636363636362,2.0,450
ankylosaurus,0.2875,1.2,3.0,700
ankylosaurus zombie,0.26889883645766,1.4,3.0,700
annis hag,0.4968111518111518,1.2666666666666666,6.0,2300
ape,0.5530469843439768,1.7857142857142858,0.5,100
aphemia,0.43333333333333335,1.5,5.0,1800
apprentice wizard,0.32595238095238094,1.1,0.25,50
arasta,0.8,4.0,21.0,33000
arcanaloth,0.25501881451881453,1.25,12.0,8400
archaic,0.6923076923076922,1.0,18.0,20000
archdruid,0.2603403540903541,1.25,12.0,8400
archduke zariel of avernus,0.12169312169312169,1.3333333333333333,26.0,90000
archer,0.31706792413071905,2.36,3.0,700
archmage,0.3743856677861612,1.25,12.0,8400
archon of falling stars,0.7666666666666666,2.75,12.0,8400
archon of the triumvirate,0.25,1.0,14.0,11500
arclight phoenix,0.5238095238095238,1.6666666666666667,12.0,8400
arcturia,0.76,2.8,21.0,33000
arkhan the cruel,0.5466666666666666,1.0,16.0,15000
armanite,0.49301555931990715,1.608695652173913,7.0,2900
art elemental mascot,0.3333333333333333,3.0,0.25,50
ash zombie,0.2774294522376364,1.6666666666666667,0.25,50
asharra,0.1778846153846154,2.0,2.0,450
ashen rider,0.3165151515151515,1.0,16.0,15000
aspect of bahamut,1.0,1.0,30.0,155000
aspect of tiamat,0.8365384615384616,1.0,30.0,155000
assassin,0.5727547886141636,2.328125,8.0,3900
assassin bug,0.53,2.4,3.0,700
assassin vine,0.5188492063492064,2.4166666666666665,3.0,700
asteroid spider,0.4246031746031746,1.7777777777777777,15.0,13000
astral blight,0.35294117647058826,2.6666666666666665,1.0,200
astral dreadnought,0.7857142857142857,1.25,21.0,33000
astral elf aristocrat,0.25,1.0,8.0,3900
astral elf commander,0.07142857142857142,1.0,7.0,2900
astral elf honor guard,0.06666666666666667,1.0,5.0,1800
astral elf warrior,0.3333333333333333,1.0,3.0,700
atropal,0.23500729343120647,1.375,13.0,10000
aurelia,0.5451112989574528,1.6923076923076923,23.0,50000
auril (first form),0.06186868686868687,1.0,9.0,5000
auril (second form),0.07007575757575757,1.0,10.0,5900
auril (third form),0.7083333333333334,1.0,11.0,7200
aurochs,0.6260869565217392,1.391304347826087,2.0,450
autognome,0.525,3.0,2.0,450
autumn eladrin,0.314514652014652,1.1666666666666667,10.0,5900
avi,0.07142857142857142,1.0,2.0,450
awakened tree,0.5274229668966511,1.9090909090909092,2.0,450
awakened white moose,0.08712121212121213,1.0,3.0,700
awakened zurkhwood,0.10096153846153846,1.0,2.0,450
axe beak,0.5042687521765384,2.962962962962963,0.25,50
azer,0.4172619047619047,1.75,2.0,450
baba lysaga,0.625,1.0,11.0,7200
babau,0.42805232516123065,1.588235294117647,4.0,1100
bael,0.6616161616161617,1.5454545454545454,19.0,22000
bag of nails,0.2,1.0,8.0,3900
bak mei,0.4502331002331002,1.4,13.0,10000
bakunawa,0.75,3.0,12.0,8400
balhannoth,0.2752380952380952,1.0,11.0,7200
balor,0.6291205322455322,1.4583333333333333,19.0,22000
banderhobb,0.48812576312576317,1.4166666666666667,5.0,1800
bandit,0.676655180005082,4.71078431372549,0.125,25
bandit captain,0.3070159713902211,1.6020408163265305,2.0,450
banshee,0.492288768330435,2.0833333333333335,4.0,1100
baphomet,0.4387755102040816,1.4285714285714286,23.0,50000
barbatos,0.3333333333333333,1.0,6.0,2300
barbed devil,0.4334375100091808,1.7575757575757576,5.0,1800
bard,0.16793040293040293,1.4,2.0,450
barghest,0.7020833333333333,2.0,4.0,1100
barlgura,0.4555249919833253,2.0833333333333335,5.0,1800
basilisk,0.3502604829810712,1.7941176470588236,3.0,700
battleforce angel,0.40717592592592594,1.75,5.0,1800
battlehammer dwarf,0.32142857142857145,9.0,0.5,100
bavlorna blightstraw,0.03739316239316239,1.0,7.0,2900
bearded devil,0.32002987516067455,1.511111111111111,3.0,700
behir,0.608735585402252,1.7333333333333334,11.0,7200
beholder,0.46207892107892107,1.92,13.0,10000
beholder zombie,0.26594993894993896,1.24,5.0,1800
bel,0.401360544217687,1.0,25.0,75000
belashyrra,0.1512669882767922,1.0,22.0,41000
beledros witherbloom,0.4444444444444444,1.3333333333333333,24.0,62000
berbalang,0.6014430014430014,2.090909090909091,2.0,450
berserker,0.4754410469304484,4.196428571428571,2.0,450
bheur hag,0.5340277777777778,1.5833333333333333,7.0,2900
big xorn,0.7666666666666666,2.3333333333333335,8.0,3900
biomancer,0.7222222222222222,1.6666666666666667,10.0,5900
bjornhild solvigsdottir,1.0,2.5,5.0,1800
black abishai,0.3091238530528032,2.25,7.0,2900
black bear,0.4707605671981372,1.3214285714285714,0.5,100
black dragon wyrmling,0.33999999999999997,1.3,2.0,450
black earth guard,0.4708333333333333,1.75,2.0,450
black earth priest,0.16666666666666666,1.0,3.0,700
black greatwyrm,0.5,1.0,27.0,105000
black guard drake,1.0,4.0,2.0,450
black pudding,0.6094668161661626,3.5,4.0,1100
black viper,0.33948863636363635,1.875,5.0,1800
blackguard,0.3378610026337299,1.4090909090909092,8.0,3900
blindheim,1.0,2.0,2.0,450
blink dog,0.8933333333333333,5.6,0.25,50
blistercoil weird,0.40099206349206346,3.25,4.0,1100
blood drinker vampire,0.5110795833484909,2.2142857142857144,8.0,3900
blood hawk,0.38819811141239713,3.5,0.125,25
blood hunter,0.16666666666666666,1.4,5.0,1800
blood witch,0.27314814814814814,1.3333333333333333,7.0,2900
bloodfray giant,0.3738095238095238,1.4,6.0,2300
blue abishai,0.3498622589531681,2.272727272727273,17.0,18000
blue dragon wyrmling,0.42103283621140764,1.8571428571428572,3.0,700
blue greatwyrm,0.5,1.0,27.0,105000
blue guard drake,0.6166666666666667,2.0,2.0,450
blue slaad,0.6443898207056101,1.736842105263158,7.0,2900
boar,0.4660714285714286,2.323529411764706,0.25,50
bodak,0.3824804122190882,1.0952380952380953,6.0,2300
bodytaker plant,0.10944533049796208,1.1666666666666667,7.0,2900
boggle,0.43331550802139035,4.6,0.125,25
bone devil,0.2655627988406521,1.3125,9.0,5000
bone knight,0.45840048840048836,2.066666666666667,5.0,1800
bone naga (spirit),0.13284511784511785,1.2,4.0,1100
bone whelk,0.18181818181818182,4.0,0.25,50
boneclaw,0.3825152429585507,1.7777777777777777,12.0,8400
boneless,0.21742319589673087,1.391304347826087,1.0,200
bore worm,0.4107142857142857,1.75,16.0,15000
brackish trudge,0.23120300751879697,2.3333333333333335,3.0,700
brain in a jar,0.15079365079365079,1.0,6.0,2300
brain in iron,0.3333333333333333,1.0,6.0,2300
brass dragon wyrmling,0.14285714285714285,1.0,1.0,200
brass greatwyrm,0.6666666666666666,1.5,28.0,120000
bridesmaid of zuggtmoy,0.05263157894736842,1.0,0.125,25
bristled moorbounder,1.0,1.0,3.0,700
brontosaurus,0.39024531024531023,1.4,5.0,1800
bronze dragon wyrmling,0.3684210526315789,1.3333333333333333,2.0,450
bronze greatwyrm,0.2,1.0,28.0,120000
bronze sable,0.3333333333333333,1.0,1.0,200
bronze scout,0.3333333333333333,2.0,1.0,200
bronzefume,0.25,1.0,13.0,10000
broom of animated attack,0.3333333333333333,1.0,0.25,50
brown bear,0.4967182560030125,1.3689320388349515,1.0,200
bugbear,0.519627716433702,3.6666666666666665,1.0,200
bugbear chief,0.3372019793072425,2.0,3.0,700
bugbear gardener,0.17647058823529413,3.0,1.0,200
bulette,0.5748828082971306,2.5217391304347827,5.0,1800
bulezau,0.2980359165370607,1.95,3.0,700
bullywug,0.42063492063492064,2.6666666666666665,0.25,50
bullywug croaker,0.14285714285714285,1.0,2.0,450
bullywug knight,0.14285714285714285,1.0,3.0,700
bullywug royal,0.07142857142857142,1.0,3.0,700
burnished hart,0.75,3.0,2.0,450
cackler,0.3902417027417027,3.625,0.5,100
cadaver collector,0.3413363325128031,1.1111111111111112,14.0,11500
cambion,0.3710940355940356,1.56,5.0,1800
canoloth,0.46364522417154,2.0,8.0,3900
canopic golem,0.46190476190476193,2.142857142857143,13.0,10000
captain othelstan,0.046296296296296294,1.0,5.0,1800
carnivorous flower,0.05263157894736842,1.0,5.0,1800
carrion crawler,0.3698717948717949,2.75,2.0,450
carrion ogre,0.5,1.0,2.0,450
carrion stalker,0.2120824888610079,1.0,3.0,700
carrionette,0.19047619047619047,5.5,1.0,200
cassiok shadowdusk,0.09090909090909091,1.0,12.0,8400
category 2 krasis,1.0,1.0,6.0,2300
category 3 krasis,0.6666666666666666,2.0,16.0,15000
catoblepas,0.3131868131868132,1.25,5.0,1800
cave badger,0.1,1.0,0.25,50
cave bear,0.6725552225552226,1.5757575757575757,2.0,450
cave fisher,0.7,3.75,3.0,700
centaur,0.6508606786497253,4.411764705882353,2.0,450
centaur mummy,0.31689199689199693,1.0909090909090908,6.0,2300
chain devil,0.5482192617596344,1.5357142857142858,8.0,3900
chamberlain of zuggtmoy,0.2,1.0,2.0,450
champion,0.4396421865171865,1.6458333333333333,9.0,5000
changeling,0.3333333333333333,2.0,0.5,100
chaos quadrapod,0.625,1.0,4.0,1100
chardalyn berserker,0.31923076923076926,1.4,4.0,1100
chardalyn dragon,0.5070152070152071,1.1111111111111112,11.0,7200
chasme,0.3628017762288862,1.0,6.0,2300
chief nosnra,0.5,1.0,8.0,3900
chimera,0.5494128947713507,2.3541666666666665,6.0,2300
chitine,0.425,2.5,0.5,100
choker,0.2767857142857143,2.25,1.0,200
choldrith,0.3055555555555555,1.0,3.0,700
chuul,0.4970238095238095,2.0,4.0,1100
chuul spore servant,0.2519230769230769,2.25,4.0,1100
clawfoot,0.46038723181580327,2.2857142857142856,1.0,200
clay gladiator,0.09453781512605042,1.5,5.0,1800
clay golem,0.40127865961199294,2.2777777777777777,9.0,5000
cloaker,0.31202361782071925,1.6666666666666667,8.0,3900
clockwork behir,0.16799999999999998,1.0,11.0,7200
clockwork bronze scout,0.26846930846930844,2.8333333333333335,1.0,200
clockwork dragon,0.36269830659536545,3.0,1.0,200
clockwork horror,0.6584795321637427,2.473684210526316,2.0,450
clockwork iron cobra,0.43476190476190474,2.25,4.0,1100
clockwork kraken,0.4277777777777778,1.0,10.0,5900
clockwork oaken bolter,0.22697968697968698,2.0,5.0,1800
clockwork stone defender,0.16293506493506493,1.6,4.0,1100
cloud giant,0.5290670114199526,1.6153846153846154,9.0,5000
cloud giant ghost,0.16666666666666666,1.0,9.0,5000
cloud giant smiling one,0.11309523809523808,1.0,11.0,7200
coatl,0.3333333333333333,1.0,4.0,1100
cockatrice,0.68125,1.75,0.5,100
cogwork archivist,0.53,1.0,4.0,1100
coldlight walker,0.17709994683678892,3.5,5.0,1800
colossus of akros,0.64,1.4,23.0,50000
conclave dryad,0.6,2.3333333333333335,9.0,5000
conjurer,0.1554040404040404,1.8,6.0,2300
conjurer wizard,0.14022904483430798,1.1666666666666667,6.0,2300
constrictor snake,0.5274883162814197,2.3448275862068964,0.25,50
copper dragon wyrmling,0.625,1.25,1.0,200
copper greatwyrm,0.15555555555555556,1.0,28.0,120000
core spawn crawler,0.7074754901960785,4.0,1.0,200
core spawn emissary,0.6568627450980392,3.5,6.0,2300
core spawn seer,0.4450396825396825,3.3333333333333335,13.0,10000
core spawn worm,0.2384313725490196,1.0,15.0,13000
corpse flower,0.14600476278107857,1.25,8.0,3900
corrupted avatar of lurue,0.35,1.0,8.0,3900
corrupted giant shark,0.19166666666666665,1.0,9.0,5000
cosmic horror,0.47193492781728075,2.7142857142857144,18.0,20000
cosmotronic blastseeker,0.5384615384615384,1.0,4.0,1100
couatl,0.35354571354571357,1.5333333333333334,4.0,1100
counterflux blastseeker,0.25,1.0,2.0,450
cow,0.5214285714285715,1.8571428571428572,0.25,50
crab folk,1.0,1.0,3.0,700
crag cat,0.6458333333333334,1.75,1.0,200
cressaro,0.625,2.0,9.0,5000
crocodile,0.6418637147166559,4.28,0.5,100
crushing wave reaver,0.3333333333333333,2.0,0.5,100
crystal dragon wyrmling,0.2857142857142857,2.0,2.0,450
crystal golem,0.5051282051282051,1.4,10.0,5900
crystal greatwyrm,0.5625,1.0,26.0,90000
cult fanatic,0.49601602101602094,4.242424242424242,2.0,450
cultist,0.7111381830838844,4.564102564102564,0.125,25
cyclops,0.5358062758406938,2.74468085106383,6.0,2300
cyclops stormcaller,1.0,3.0,10.0,5900
daemogoth,0.219947542847664,1.1,10.0,5900
daemogoth titan,0.19101522187822498,1.0,16.0,15000
dagdra deepforge,0.07142857142857142,1.0,2.0,450
dancing flame,0.23650793650793647,1.0,4.0,1100
dao,0.2525278316454787,2.0,11.0,7200
darkling,0.5310098235098235,3.4,0.5,100
darkling elder,0.39902227402227397,2.3333333333333335,2.0,450
darkmantle,0.5548941798941799,3.111111111111111,0.5,100
davil starsong,0.3333333333333333,1.0,6.0,2300
death dog,0.7123324060485439,5.09375,1.0,200
death embrace,0.41666666666666663,1.0,11.0,7200
death kiss,0.394906629318394,1.8666666666666667,10.0,5900
death knight,0.5849786093097289,2.1774193548387095,17.0,18000
death slaad,0.38462059620596206,1.1666666666666667,10.0,5900
death tyrant,0.2165729701900692,1.3333333333333333,14.0,11500
deathlock,0.2099601838911302,1.48,4.0,1100
deathlock mastermind,0.3183272352003002,1.2105263157894737,8.0,3900
deathlock wight,0.2627140837900304,1.263157894736842,3.0,700
deathpact angel,0.41759259259259257,2.0,14.0,11500
decapus,0.15000000000000002,1.0,4.0,1100
deep crow,0.6952380952380952,1.0,9.0,5000
deep dragon wyrmling,0.8333333333333334,3.0,1.0,200
deep scion,0.3597222222222222,1.5,3.0,700
deinonychus,0.5853994490358126,1.5454545454545454,1.0,200
demilich,0.4110727367870225,1.2142857142857142,18.0,20000
demogorgon,0.6923076923076924,1.0,26.0,90000
demonfeed spider,0.5,3.0,8.0,3900
demos magen,0.24199689199689195,4.2,2.0,450
derro,0.27645502645502645,2.3333333333333335,0.25,50
derro savant,0.19576719576719573,1.0,3.0,700
deva,0.6245607333842628,1.2941176470588236,10.0,5900
devkarin lich,0.41944444444444445,2.0,14.0,11500
devourer,0.7142857142857142,1.0,13.0,10000
dezmyr shadowdusk,0.5,1.0,17.0,18000
dhergoloth,0.5417096663226694,1.125,7.0,2900
diderius,0.5714285714285714,1.0,15.0,13000
dimetrodon,0.6666666666666666,6.0,0.25,50
dinosaur skeleton,0.19232054123341988,1.32,2.0,450
dire corby,0.3839285714285714,1.5,0.5,100
dire troll,0.6926406926406926,1.9090909090909092,13.0,10000
dire wolf,0.4398012336088804,2.0720720720720722,1.0,200
displacer beast,0.7089169000933707,2.9411764705882355,3.0,700
displacer beast kitten,0.6666666666666666,1.0,0.125,25
diviner wizard,0.3283040935672515,1.2,8.0,3900
djinni,0.3740981240981241,1.1428571428571428,11.0,7200
dolgaunt,0.25,1.0,3.0,700
dolgrim,0.5138888888888888,1.5,0.5,100
dolphin,0.10795454545454546,1.0,0.125,25
doomwake giant,1.0,1.0,11.0,7200
doppelganger,0.8545454545454546,2.090909090909091,3.0,700
dracohydra,0.4758689458689459,1.4666666666666666,11.0,7200
draconian dreadnought,0.4241379310344828,2.4285714285714284,4.0,1100
draconian foot soldier,0.7117183742183743,4.0,0.5,100
draconian infiltrator,0.18707070707070708,1.8,3.0,700
draconian mage,0.3565194065194065,2.3333333333333335,2.0,450
draconian mastermind,0.3031739811912226,2.0,6.0,2300
draconic shard,0.3045554708026104,1.2666666666666666,17.0,18000
draegloth,0.26875543260158646,1.0,7.0,2900
draft horse,0.3,1.6666666666666667,0.25,50
dragon,0.75,1.0,17.0,18000
dragon blessed,0.2365079365079365,1.2,5.0,1800
dragon chosen,0.4149659863945578,2.2857142857142856,3.0,700
dragon hunter,0.5454545454545454,6.0,3.0,700
dragon speaker,0.14285714285714285,1.0,2.0,450
dragon tortoise,0.2222222222222222,1.0,17.0,18000
dragon turtle,0.49421516754850087,1.2666666666666666,17.0,18000
dragon turtle wyrmling,0.9166666666666666,1.6666666666666667,4.0,1100
dragonblood ooze,0.6205670426065163,2.125,5.0,1800
dragonbone golem,0.3835251491901108,1.3333333333333333,11.0,7200
dragonborn of bahamut,0.75,2.3333333333333335,8.0,3900
dragonborn of sardior,0.5,1.0,6.0,2300
dragonborn of tiamat,0.5333333333333333,1.6666666666666667,7.0,2900
dragonclaw,0.5817307692307693,2.25,1.0,200
dragonfang,0.15384615384615385,2.0,5.0,1800
dragonflesh abomination,0.1569078947368421,1.5,6.0,2300
dragonflesh grafter,0.3333333333333333,1.0,3.0,700
dragonnel,0.11287448662448663,1.3,2.0,450
dragonpriest,0.058823529411764705,1.0,5.0,1800
dragonsoul,0.6,3.0,7.0,2900
dragonwing,0.26666666666666666,4.0,2.0,450
dread warrior,0.21362107999850052,1.5357142857142858,1.0,200
dream eater,0.5,1.0,7.0,2900
dretch,0.384726873914549,2.8095238095238093,0.25,50
drider,0.36018981018981017,3.727272727272727,6.0,2300
drow,0.5564147831335331,3.775,0.25,50
drow arachnomancer,0.6384453781512605,1.1428571428571428,13.0,10000
drow elite warrior,0.3550851195588038,2.1578947368421053,5.0,1800
drow favored consort,0.22796811032105152,1.4615384615384615,18.0,20000
drow gunslinger,0.4736437309966721,1.7222222222222223,4.0,1100
drow house captain,0.3110670194003527,1.0,9.0,5000
drow inquisitor,0.28172117331781193,1.7142857142857142,14.0,11500
drow mage,0.9360144143701191,1.657718120805369,7.0,2900
drow matron mother,0.13874883286647993,1.0,20.0,25000
drow priestess of lolth,0.17129629629629628,1.0,8.0,3900
drow shadowblade,0.4431075460487225,1.6363636363636365,11.0,7200
drowned ascetic,0.4476911976911977,3.0,3.0,700
drowned assassin,0.5231481481481481,1.5,4.0,1100
drowned blade,0.41015840220385674,2.3636363636363638,2.0,450
drowned master,0.5416666666666666,1.0,9.0,5000
druid,0.45790289406360835,1.1666666666666667,2.0,450
druid of the old ways,0.5555555555555555,1.0,7.0,2900
dryad,0.6574358974358975,2.1333333333333333,1.0,200
duchess brimskarda,0.5,1.0,9.0,5000
duergar,0.5026503866503866,4.6,1.0,200
duergar alchemist,0.3333333333333333,1.0,1.0,200
duergar despot,0.363668430335097,1.2222222222222223,12.0,8400
duergar hammerer,0.37166085946573746,2.2,2.0,450
duergar kavalrachni,0.3333333333333333,2.0,2.0,450
duergar mind master,0.18253968253968253,1.5,2.0,450
duergar screamer,0.2910569105691057,2.3333333333333335,3.0,700
duergar soulblade,0.2326388888888889,1.5,1.0,200
duergar spy,0.3833333333333333,1.5,2.0,450
duergar stone guard,0.38966318234610914,2.8333333333333335,2.0,450
duergar warlord,0.27721321361565265,1.3,6.0,2300
duergar xarrorn,0.30589430894308944,4.666666666666667,2.0,450
dullahan,0.42088030059044557,1.5555555555555556,10.0,5900
duodrone,0.3076923076923077,4.0,0.25,50
durnan,0.047619047619047616,1.0,9.0,5000
durnn,0.125,1.0,1.0,200
dusk hag,0.38595238095238094,1.2,6.0,2300
dust mephit,0.49511183261183256,4.0,0.5,100
dybbuk,0.07856218733827842,1.25,4.0,1100
dyrrn,0.3333333333333333,1.0,24.0,62000
earth elemental,0.5515408623934439,1.6354166666666667,5.0,1800
earth elemental myrmidon,0.2986340679522498,2.6363636363636362,7.0,2900
eater of hope,0.19133486641656577,1.0555555555555556,6.0,2300
eblis,0.1575091575091575,1.6,1.0,200
efreeti,0.4149801587301587,1.4166666666666667,11.0,7200
eidolon,1.0,1.5,12.0,8400
elder black pudding,0.2857142857142857,2.0,4.0,1100
elder brain,0.45663265306122447,1.2857142857142858,14.0,11500
elder brain dragon,0.4840277777777778,1.3333333333333333,22.0,41000
elder oblex,0.5952380952380952,1.8,10.0,5900
elder tempest,0.4435374149659864,2.2857142857142856,23.0,50000
eldritch lich,0.21401098901098903,1.4166666666666667,15.0,13000
eldritch priest,1.0,1.0,2.0,450
elephant,0.6719353382378592,1.542857142857143,4.0,1100
elise,0.25,2.0,5.0,1800
elk,0.6230447788347759,2.740740740740741,0.25,50
ember,0.5,1.0,22.0,41000
embric,0.23809523809523808,1.5,2.0,450
emerald dragon wyrmling,0.6111111111111112,1.5,2.0,450
emerald enclave scout,0.3484848484848485,3.0,0.5,100
empyrean,0.3789922379208094,1.3571428571428572,23.0,50000
enchanter,0.16514550264550265,1.0,5.0,1800
enchanter wizard,0.17032163742690057,1.0,5.0,1800
endelyn moongrave,0.28846153846153844,1.0,6.0,2300
enormous tentacle,0.4328042328042328,2.2222222222222223,2.0,450
envy,0.05555555555555555,1.0,5.0,1800
erinyes,0.5289808018068888,1.9545454545454546,12.0,8400
eternal flame guardian,0.8571428571428571,6.0,2.0,450
eternal flame priest,0.1,1.0,3.0,700
ettercap,0.5466550207039337,2.1875,2.0,450
ettin,0.5446431674168135,2.75,4.0,1100
evil mage,0.32242604209515974,2.25,1.0,200
evoker,0.8231872294372294,1.1666666666666667,9.0,5000
evoker wizard,0.13618288144603935,1.4,9.0,5000
exethanter,0.4334150326797386,1.0,10.0,5900
eye monger,0.25,2.0,10.0,5900
eye of fear and flame,0.4330598669623059,1.0,9.0,5000
eyedrake,0.3677793339558046,1.1111111111111112,8.0,3900
falcon the hunter,0.5527777777777778,1.0,4.0,1100
fathomer,0.1111111111111111,1.0,2.0,450
fazrian,0.6833333333333333,1.0,16.0,15000
felidar,0.2916666666666667,1.3333333333333333,5.0,1800
female steeder,0.75,2.5,1.0,200
ferol sal,1.0,1.0,3.0,700
feyr,0.25,1.0,5.0,1800
fiendish flesh golem,0.14741805813234385,1.2857142857142858,8.0,3900
fiendish giant spider,0.3346978376233695,2.625,0.5,100
fiendish orc,0.13837475920763334,1.1666666666666667,4.0,1100
fire elemental,0.40600640253125064,1.8295454545454546,5.0,1800
fire elemental myrmidon,0.41607142857142854,1.6,7.0,2900
fire giant,0.49893555178481647,1.875,9.0,5000
fire giant dreadnought,0.41198257080610023,1.5294117647058822,14.0,11500
fire snake,0.45326798981155464,3.4285714285714284,1.0,200
firefist,0.5571428571428572,1.4,7.0,2900
firemane angel,0.30952380952380953,1.6666666666666667,12.0,8400
firenewt warlock of imix,0.5505952380952381,2.0,1.0,200
firenewt warrior,0.3671123321123321,3.0,0.5,100
fist of bane,0.3277777777777778,1.8,0.5,100
flail snail,0.434375,2.375,3.0,700
flameskull,0.4586505619617574,2.129032258064516,4.0,1100
flamewrath,0.26666666666666666,1.0,6.0,2300
fleecemane lion,0.5227272727272727,2.0,3.0,700
flesh golem,0.46075697178638353,1.6538461538461537,5.0,1800
flind,0.26582251082251085,1.1818181818181819,9.0,5000
flitterstep eidolon,0.42857142857142855,3.0,3.0,700
flumph,0.3308366824990866,4.4,0.125,25
flux blastseeker,0.5,2.0,5.0,1800
fluxcharger,0.2976190476190476,2.3333333333333335,7.0,2900
flying dagger,0.875,4.0,0.125,25
flying horror,0.44627594627594624,2.6666666666666665,3.0,700
flying snake,0.5400982615268329,2.4285714285714284,0.125,25
flying sword,0.4884487694931774,2.25,0.25,50
fog giant,0.5416666666666666,1.0,11.0,7200
fomorian,0.46420940170940167,2.0,8.0,3900
fractal mascot,0.07142857142857142,1.0,0.25,50
froghemoth,0.36888528138528137,1.1666666666666667,10.0,5900
frontline medic,0.15357142857142855,1.0,0.25,50
frost druid,0.11987179487179488,1.25,5.0,1800
frost giant,0.5095987823880626,3.6458333333333335,8.0,3900
frost giant everlasting one,0.6666666666666666,1.0,12.0,8400
frost giant skeleton,0.34690605962664783,1.5,6.0,2300
frost giant zombie,0.275731339367703,1.6363636363636365,9.0,5000
frost salamander,0.42820090788840787,2.0833333333333335,9.0,5000
frost worm,0.2654761904761905,1.5,17.0,18000
frulam mondath,0.07142857142857142,1.0,2.0,450
fungal servant,0.25,2.0,15.0,13000
gaj,0.40625,3.5,4.0,1100
galeb duhr,0.5904327668216557,2.814814814814815,6.0,2300
gallows speaker,0.31199633699633694,1.1428571428571428,6.0,2300
galvan magen,0.6808080808080808,1.8,3.0,700
galvanic blastseeker,0.5,1.0,5.0,1800
galvanice weird,0.3125,2.0,1.0,200
gargoyle,0.5240936589282178,3.5833333333333335,2.0,450
gas spore,0.5367647058823529,4.75,0.5,100
gauth,0.36413419913419914,1.8,6.0,2300
gazer,0.424963924963925,2.090909090909091,0.5,100
gearkeeper construct,0.24575757575757576,1.6,10.0,5900
gelatinous cube,0.6175264550264551,1.9166666666666667,2.0,450
geonid,0.6153846153846154,8.0,0.25,50
geryon,0.3818627450980392,1.8,22.0,41000
ghast,0.36278926586423815,2.22,2.0,450
ghost,0.5978871200025047,2.3846153846153846,4.0,1100
ghost dragon,0.3080808080808081,1.0,17.0,18000
ghostblade eidolon,0.15567677378561154,1.0,5.0,1800
ghoul,0.3703377587291054,2.7357512953367875,1.0,200
giant,0.4393939393939394,1.0,7.0,2900
giant ape,0.4786851349544848,1.7205882352941178,7.0,2900
giant badger,0.6817258510068968,1.5185185185185186,0.25,50
giant bat,0.6094294594294595,2.909090909090909,0.25,50
giant boar,0.5467414393884983,2.0588235294117645,2.0,450
giant canary,0.05263157894736842,1.0,0.5,100
giant centipede,0.8095238095238095,4.9,0.25,50
giant constrictor snake,0.4814050421782229,1.3333333333333333,2.0,450
giant coral snake,0.6666666666666666,1.0,4.0,1100
giant crab,0.6943755739210284,4.181818181818182,0.125,25
giant crayfish,0.2,1.0,2.0,450
giant crocodile,0.46519508170577684,1.9696969696969697,5.0,1800
giant eagle,0.5265647820746505,3.9375,1.0,200
giant elk,0.43806755260243635,1.5813953488372092,2.0,450
giant flying spider,0.5,2.0,1.0,200
giant frog,0.6041155520379897,2.6842105263157894,0.25,50
giant goat,0.5215521456795716,2.1176470588235294,0.5,100
giant hyena,0.5540818375906095,2.533333333333333,1.0,200
giant ice toad,0.34365079365079365,1.75,3.0,700
giant lightning eel,0.5,1.5,3.0,700
giant lizard,0.568677503052503,2.5,0.25,50
giant octopus,0.48579770397952216,1.5151515151515151,1.0,200
giant owl,0.6126998207047468,3.8095238095238093,0.25,50
giant poisonous snake,0.5890804597701149,2.5789473684210527,0.25,50
giant rat,0.6987216388812134,3.893617021276596,0.125,25
giant rocktopus,0.3333333333333333,1.0,1.0,200
giant scorpion,0.6844045711233211,2.6875,3.0,700
giant sea horse,1.0,5.0,0.5,100
giant shark,0.47923809523809524,1.44,5.0,1800
giant shark skeleton,0.6666666666666666,1.5,5.0,1800
giant skeleton,0.2950467208874717,1.3125,7.0,2900
giant snail,0.14285714285714285,1.0,0.25,50
giant snapping turtle,0.3444749694749694,1.1666666666666667,3.0,700
giant space hamster,0.4,2.0,0.25,50
giant spider,0.5337654437455402,2.5161290322580645,1.0,200
giant strider,0.3541170634920635,1.5,1.0,200
giant subterranean lizard,0.5357142857142857,1.5,4.0,1100
giant swan,1.0,2.0,1.0,200
giant toad,0.5345703215565498,3.0689655172413794,1.0,200
giant vulture,0.40726495726495726,3.230769230769231,1.0,200
giant walrus,0.18495911495911496,4.571428571428571,4.0,1100
giant wasp,0.5122049247049247,3.2083333333333335,0.5,100
giant weasel,0.5920634920634921,2.0,0.125,25
giant white moray eel,0.25,1.0,2.0,450
giant wolf spider,0.7226415945165945,4.6875,0.25,50
gibbering mouther,0.4349702380952381,2.5,2.0,450
giff,0.7083416583416583,4.454545454545454,3.0,700
giff shipmate,0.25,1.0,3.0,700
giff shock trooper,0.3839285714285714,2.0,6.0,2300
giff warlord,0.4041666666666667,1.0,10.0,5900
girallon,0.3092032967032967,1.75,4.0,1100
girallon zombie,0.5211826052735143,2.0,3.0,700
githyanki buccaneer,0.3666666666666667,1.5,3.0,700
githyanki gish,0.22123015873015872,1.6666666666666667,10.0,5900
githyanki knight,0.3393959435626102,1.5555555555555556,8.0,3900
githyanki supreme commander,0.0625,1.0,14.0,11500
githyanki warrior,0.8560090702947846,6.571428571428571,3.0,700
githzerai anarch,0.3333333333333333,1.0,16.0,15000
githzerai enlightened,0.7857142857142857,4.5,10.0,5900
githzerai monk,0.23452380952380952,1.0,2.0,450
glabbagool,0.21052631578947367,4.0,2.0,450
glabrezu,0.4833376481905894,1.3333333333333333,9.0,5000
gladiator,0.5677030608280608,1.74,5.0,1800
glasswork golem,0.48148148148148145,2.6666666666666665,2.0,450
gloamwing,0.26711744776962165,1.8181818181818181,8.0,3900
gloom weaver,0.44761904761904764,1.0,9.0,5000
gloomstalker,0.6666666666666666,1.5,6.0,2300
gnoll,0.6118585060573118,4.285714285714286,0.5,100
gnoll fang of yeenoghu,0.6250603788673964,2.933333333333333,4.0,1100
gnoll flesh gnawer,0.17767496392496393,2.5833333333333335,1.0,200
gnoll hunter,0.3475013082155939,3.7142857142857144,0.5,100
gnoll pack lord,0.22678999241499243,1.5,2.0,450
gnoll vampire,0.3100699300699301,1.3846153846153846,8.0,3900
gnoll witherling,0.3151785534726711,1.95,0.25,50
gnome ceremorph,0.24357031857031855,1.5,5.0,1800
gnome squidling,0.2537414965986394,1.5714285714285714,0.5,100
goblin,0.6925020877876362,4.173469387755102,0.25,50
goblin boss,0.18939315534895537,1.4864864864864864,1.0,200
goblin gang member,0.3935897435897436,5.0,0.25,50
gold dragon wyrmling,0.2667748917748918,1.0,3.0,700
gold greatwyrm,0.15000000000000002,1.0,28.0,120000
golgari shaman,0.09722222222222222,1.0,5.0,1800
goliath warrior,0.02564102564102564,1.0,3.0,700
goliath werebear,0.6904761904761905,1.5714285714285714,8.0,3900
goon,0.8888888888888888,4.666666666666667,0.125,25
goon balloon,0.7222222222222222,3.0,0.125,25
gorgon,0.6509868783002597,3.037037037037037,5.0,1800
goristro,0.3206434658815611,1.2380952380952381,17.0,18000
gorka tharn,1.0,1.0,15.0,13000
gorthok the thunder boar,0.5833333333333334,5.5,6.0,2300
grandfather oak,0.8333333333333334,5.0,9.0,5000
gray ooze,0.6673323934837092,2.5,0.5,100
gray render,0.422108843537415,1.7142857142857142,12.0,8400
gray slaad,0.3611111111111111,1.6666666666666667,9.0,5000
great chief halric bonesnapper,0.18181818181818182,2.0,2.0,450
greater star spawn emissary,0.4626262626262626,1.0,21.0,33000
greater zombie,0.413550519986265,1.9285714285714286,5.0,1800
green abishai,0.4246031746031746,2.75,15.0,13000
green dragon wyrmling,0.2976190476190476,1.0,2.0,450
green greatwyrm,0.18333333333333335,1.0,27.0,105000
green guard drake,0.3333333333333333,1.0,2.0,450
green hag,0.45016826986491665,3.1481481481481484,3.0,700
green slaad,0.28920940170940174,1.6666666666666667,8.0,3900
grell,0.4697802197802198,2.5,3.0,700
grenl,0.25,2.0,0.25,50
grick,0.7371428571428572,3.9,2.0,450
grick alpha,0.38994708994708993,1.4444444444444444,7.0,2900
griffin,0.6666666666666666,2.0,2.0,450
griffon,0.5440566647088386,2.135135135135135,2.0,450
griffon cavalry rider,0.46153846153846156,6.0,2.0,450
grimlock,0.7072550034506556,5.5,0.25,50
grisha,0.07142857142857142,1.0,2.0,450
groff,0.26182500665583375,1.0,4.0,1100
grung,0.5,2.0,0.25,50
grung elite warrior,0.6,1.0,2.0,450
grung wildling,0.5925324675324675,3.0,1.0,200
guard,0.5240117154281839,4.241379310344827,0.125,25
guard drake,0.5833333333333334,1.0,2.0,450
guardian giant,0.2214366515837104,3.25,8.0,3900
guardian naga,0.3102874708137866,1.1666666666666667,10.0,5900
guardian portrait,0.18315018315018314,2.0,1.0,200
guardian wolf,0.3895909645909646,1.3571428571428572,4.0,1100
gynosphinx,0.7916666666666666,1.5,11.0,7200
hadozee warrior,0.3333333333333333,1.0,0.5,100
hadrosaur,1.0,1.0,0.25,50
hadrosaurus,0.6238095238095237,1.4285714285714286,0.25,50
hag of the fetid gaze,0.875,3.0,3.0,700
haint,0.16661866716214543,1.0,7.0,2900
halaster blackcloak,0.5740740740740741,2.0,23.0,50000
harengon brigand,0.5357142857142857,4.666666666666667,0.125,25
harengon sniper,0.15277777777777776,2.0,0.25,50
harpy,0.6488071745792334,4.9,1.0,200
harpy matriarch,0.9090909090909091,10.0,5.0,1800
hell hound,0.3616190622719513,2.1458333333333335,3.0,700
hellenrae,0.1111111111111111,1.0,5.0,1800
hellfire engine,0.35924242424242425,2.6,16.0,15000
hellwasp,0.29954648526077093,1.2857142857142858,5.0,1800
helmed horror,0.5973835688121403,2.4285714285714284,4.0,1100
hezrou,0.2975975093984962,1.75,8.0,3900
hill giant,0.5929587568416784,2.142857142857143,5.0,1800
hill giant sergeant,0.16666666666666666,1.0,5.0,1800
hill giant subchief,0.5,1.0,7.0,2900
hippocamp,0.5454545454545454,12.0,0.5,100
hippogriff,0.5514285714285714,2.6,1.0,200
hlam,0.5,1.0,16.0,15000
hoard mimic,0.5342261904761905,1.0,8.0,3900
hobgoblin,0.5634190108479407,4.923076923076923,0.5,100
hobgoblin captain,0.2256788146494029,1.411764705882353,3.0,700
hobgoblin devastator,0.27023199023199024,1.3333333333333333,4.0,1100
hobgoblin iron shadow,0.3809401709401709,2.0,2.0,450
hobgoblin warlord,0.3602340367965368,1.875,6.0,2300
hollow dragon,0.22166666666666668,1.0,18.0,20000
hollyphant,0.27946127946127947,2.5,5.0,1800
hook horror,0.5786195286195286,1.5555555555555556,3.0,700
hook horror spore servant,0.55,1.0,3.0,700
horizonback tortoise,0.3333333333333333,1.0,8.0,3900
horned devil,0.30172205245734657,1.6363636363636365,11.0,7200
howler,0.4715407925407925,1.4,8.0,3900
huge giant crab,0.5634539842873176,2.25,8.0,3900
huge gray ooze,0.7291666666666666,4.25,8.0,3900
huge polar bear,0.6666666666666666,2.0,2.0,450
hulking crab,0.502045177045177,3.923076923076923,5.0,1800
hungry sorrowsworn,0.15416666666666665,1.0,11.0,7200
hunter shark,0.6006105006105006,3.1538461538461537,2.0,450
hurricane,1.0,1.0,2.0,450
husk zombie,0.29982701819531754,2.2962962962962963,1.0,200
hutijin,0.06066176470588235,1.0,21.0,33000
hybrid brute,0.2,1.0,2.0,450
hybrid shocker,0.3279220779220779,4.0,1.0,200
hydra,0.6367647058823529,1.6666666666666667,8.0,3900
hydroloth,0.21627886002886001,1.375,9.0,5000
hypnos magen,0.18181818181818182,4.0,1.0,200
hythonia,0.5,1.0,17.0,18000
ice devil,0.25421910656799307,1.5217391304347827,14.0,11500
ice mephit,0.6753617874829997,3.606060606060606,0.5,100
ice piercer,0.375,3.0,0.5,100
ice spider,0.3055555555555555,1.6666666666666667,1.0,200
ice spider queen,0.19404761904761902,1.5,2.0,450
ice toad,0.3111111111111111,2.0,1.0,200
ice troll,0.20922040922040921,1.3333333333333333,8.0,3900
icewind kobold zombie,0.08988957902001381,1.0,0.125,25
iggwilv the witch queen,0.3055555555555555,1.0,20.0,25000
illusionist,0.55,1.0,3.0,700
illusionist wizard,0.08777910685805423,1.0,3.0,700
imix,0.3721153846153846,1.25,19.0,22000
immortal lotus monk,0.5,1.0,5.0,1800
imp,0.4258591206162938,2.0285714285714285,1.0,200
imperator uthor,0.25,1.0,13.0,10000
incubus,0.37666666666666665,1.0,4.0,1100
indentured spirit,0.15707499115157963,1.368421052631579,1.0,200
inquisitor of the mind fire,0.14285714285714285,1.0,8.0,3900
inquisitor of the sword,0.5714285714285714,1.0,8.0,3900
inquisitor of the tome,0.14285714285714285,1.0,8.0,3900
inspired,0.75,3.0,2.0,450
intellect devourer,0.5193698395621472,4.1923076923076925,2.0,450
invisible stalker,0.6677871148459384,2.235294117647059,6.0,2300
ireena kolyana,0.41666666666666663,1.5,0.125,25
iron cobra,0.30549096532552417,1.9166666666666667,4.0,1100
iron consul,0.15277777777777776,1.0,2.0,450
iron defender,0.576923076923077,2.75,1.0,200
iron golem,0.545316063864451,1.967741935483871,16.0,15000
ironscale hydra,0.4884157509157509,1.5,12.0,8400
isarr kronenstrom,0.09523809523809523,2.0,8.0,3900
isolde,0.16666666666666666,1.0,5.0,1800
isperia,0.6166666666666666,1.4,21.0,33000
iymrith,0.07692307692307693,1.0,23.0,50000
jabberwock,0.18055555555555555,1.0,13.0,10000
jackalwere,0.4835164835164835,3.0,0.5,100
jaculi,0.3333333333333333,1.0,0.5,100
jammer leech,1.0,1.0,1.0,200
jarad vod savo,0.16666666666666666,1.0,22.0,41000
jarlaxle baenre,0.75,1.0,15.0,13000
jiangshi,0.5910334967320261,2.375,9.0,5000
jim darkmagic,0.025,1.0,5.0,1800
juiblex,0.5814814814814815,1.3333333333333333,23.0,50000
juvenile kraken,1.0,1.0,14.0,11500
kalaman soldier,0.5882352941176471,10.0,0.5,100
kalaraq quori,0.2753623188405797,1.8,19.0,22000
kalashtar,0.6118326118326118,10.0,0.25,50
kamadan,0.561965811965812,1.3333333333333333,4.0,1100
karrnathi undead soldier,0.4475029197855285,2.5833333333333335,3.0,700
kasimir velikov,0.07142857142857142,1.0,6.0,2300
keg robot,0.12393162393162394,1.0,2.0,450
kelpie,0.75,1.0,4.0,1100
kenku,0.7488888888888889,5.6,0.25,50
khalessa draga,0.3333333333333333,1.0,1.0,200
killer whale,0.9246031746031745,6.0,3.0,700
kindori,0.5,2.0,7.0,2900
king of feathers,0.18000000000000002,1.0,8.0,3900
king snurre,0.3333333333333333,1.0,11.0,7200
knight,0.604887136672851,2.757142857142857,3.0,700
knight of the mithral shield,0.9,2.5,3.0,700
knight of the order,0.2,1.0,5.0,1800
koalinth,0.7333333333333333,11.0,0.5,100
koalinth sergeant,0.1722222222222222,2.3333333333333335,2.0,450
kobold,0.682832388827864,4.707692307692308,0.125,25
kobold dragonshield,0.27907567740901074,2.888888888888889,1.0,200
kobold elite,0.9444444444444444,5.0,0.125,25
kobold inventor,0.19410430839002268,1.1428571428571428,0.25,50
kobold scale sorcerer,0.22766642616642618,2.0,1.0,200
kobold underling,0.4391111111111111,5.6,0.125,25
kobold vampire spawn,0.22291076983795505,1.9411764705882353,3.0,700
korred,0.6666666666666666,1.5,7.0,2900
kostchtchie,0.2895833333333333,1.25,25.0,75000
kraken,0.7261904761904762,1.2352941176470589,23.0,50000
kraken priest,0.27774764917622063,1.3571428571428572,5.0,1800
kraul warrior,0.25,1.0,0.5,100
krull,0.3333333333333333,1.0,6.0,2300
kruthik hive lord,0.4623026315789474,3.9,5.0,1800
lady illmarrow,0.2591168091168091,1.1666666666666667,22.0,41000
laeral silverhand,0.15555555555555556,1.0,17.0,18000
lamia,0.528657616892911,1.7058823529411764,4.0,1100
lampad,0.3333333333333333,2.5,3.0,700
lawmage,0.16666666666666666,1.0,6.0,2300
lazav,0.41666666666666663,1.0,17.0,18000
leonin iconoclast,0.9166666666666666,2.6666666666666665,5.0,1800
lesser star spawn emissary,0.09494949494949495,1.0,19.0,22000
leucrotta,0.4920634920634921,2.3333333333333335,3.0,700
leviathan,0.5461038961038961,1.3636363636363635,20.0,25000
lich,0.4349833012492859,1.6333333333333333,21.0,33000
lichen lich,0.2920289855072464,1.0,18.0,20000
light devourer,0.611111111111111,2.3333333333333335,6.0,2300
lightning golem,0.45625,1.25,5.0,1800
lion,0.5000550366774276,2.774193548387097,1.0,200
liondrake,0.5674603174603174,1.1428571428571428,7.0,2900
living blade of disaster,0.6107142857142858,3.25,8.0,3900
living burning hands,0.5103174603174603,2.8333333333333335,1.0,200
living cloudkill,0.3238095238095238,2.0,7.0,2900
living doll,0.6288515406162465,2.3333333333333335,2.0,450
living iron statue,0.5416666666666666,1.0,5.0,1800
living lightning bolt,0.5546717171717171,1.7692307692307692,5.0,1800
lizard king,0.16984126984126982,1.3333333333333333,4.0,1100
lizardfolk,0.47795298956289667,5.5,0.5,100
lizardfolk commoner,0.5,2.0,0.25,50
lizardfolk render,0.5833333333333334,1.0,3.0,700
lizardfolk scaleshield,0.2587301587301587,2.0,1.0,200
lizardfolk shaman,0.20336996336996335,1.1,2.0,450
lizardfolk subchief,0.2,1.0,3.0,700
lonely sorrowsworn,0.1875,2.5,9.0,5000
lonelywood banshee,1.0,1.0,4.0,1100
lorehold apprentice,0.3055555555555555,2.0,2.0,450
lorehold pledgemage,0.2638888888888889,1.3333333333333333,4.0,1100
lorehold professor of chaos,0.0625,1.0,7.0,2900
lorthuun,0.16666666666666666,1.0,9.0,5000
lost sorrowsworn,0.1875,1.6666666666666667,7.0,2900
loup garou,0.6622222222222222,1.6,13.0,10000
lynx creatlach,0.3333333333333333,1.0,5.0,1800
mad golem,0.3333333333333333,1.0,12.0,8400
madam eva,0.3333333333333333,1.0,10.0,5900
maegera the dawn titan,1.0,2.0,23.0,50000
mage,0.9499754123417226,1.0802620802620804,6.0,2300
mage hunter,0.2222222222222222,2.0,5.0,1800
maggie keeneyes (tier 1),0.14285714285714285,1.0,3.0,700
magma mephit,0.4956791819291819,3.25,0.5,100
magmin,0.7420634920634921,2.8333333333333335,0.5,100
mahadi the rakshasa,1.0,1.0,14.0,11500
malformed kraken,0.4666666666666666,1.0,10.0,5900
mammoth,0.5615164841100669,2.0303030303030303,6.0,2300
manes,0.29108361257659027,2.275,0.125,25
manshoon,0.22934472934472935,1.0,13.0,10000
manticore,0.5454803731700016,2.1315789473684212,3.0,700
mantrap,0.17719298245614035,1.4,1.0,200
marid,0.16772486772486772,1.2222222222222223,11.0,7200
marilith,0.35876133126133125,1.85,16.0,15000
martial arts adept,0.30666666666666664,1.0,3.0,700
marut,0.5947635825163399,1.625,25.0,75000
master of cruelties,0.27020202020202017,1.5555555555555556,9.0,5000
master of souls,0.1527777777777778,1.0,4.0,1100
master thief,0.30806277056277054,1.3181818181818181,5.0,1800
mastiff,0.4462902097902098,1.92,0.125,25
maurezhi,0.2717880670054583,1.0909090909090908,7.0,2900
maw demon,0.3865675228964541,2.1702127659574466,1.0,200
maw of sekolah,0.3333333333333333,1.0,7.0,2900
meazel,0.8,4.0,1.0,200
mechachimera,0.3333333333333333,1.0,6.0,2300
medusa,0.27710173813114986,1.9166666666666667,6.0,2300
meenlock,0.5965277777777778,2.75,2.0,450
megapede,0.09090909090909091,1.0,11.0,7200
meletian hoplite,0.5166666666666667,6.5,3.0,700
mercane,0.14285714285714285,1.0,5.0,1800
mercion,0.3333333333333333,1.0,3.0,700
merfolk,0.7532051282051282,5.75,0.125,25
merregon,0.36497897164563825,1.5555555555555556,4.0,1100
merrow,0.5207127011474837,3.185185185185185,2.0,450
merrow shallowpriest,0.20978835978835977,1.5,4.0,1100
metallic warbler,0.4,10.0,0.25,50
mezzoloth,0.3355482078308165,1.4166666666666667,5.0,1800
miirym,0.3333333333333333,1.0,22.0,41000
mimic,0.4519904725100908,1.8636363636363635,2.0,450
mind drinker vampire,0.288877534709536,2.125,4.0,1100
mind flayer,0.5105158730158731,2.1052631578947367,7.0,2900
mind flayer arcanist,0.33033552096052093,2.0,8.0,3900
mind flayer psion,0.28075396825396826,2.6666666666666665,8.0,3900
mind mage,1.0,1.0,5.0,1800
mindwitness,0.23167203167203165,1.5555555555555556,5.0,1800
minotaur,0.5330538742303448,2.588235294117647,3.0,700
minotaur living crystal statue,0.5,1.0,6.0,2300
minotaur skeleton,0.29791322342563026,2.0,2.0,450
mister light,0.6666666666666666,1.0,3.0,700
mite,0.46794871794871795,7.0,0.25,50
moloch,1.0,1.0,21.0,33000
molten magma roper,0.16666666666666666,1.5,5.0,1800
molydeus,0.16325614385614387,1.16,21.0,33000
monastic infiltrator,0.7777777777777778,7.0,6.0,2300
monastic operative,0.25,1.0,5.0,1800
monodrone,0.34839366515837106,2.8333333333333335,0.125,25
monstrous peryton,1.0,1.0,11.0,7200
moonshark,1.0,1.0,5.0,1800
moonstone dragon wyrmling,0.19642857142857142,1.0,2.0,450
moorbounder,0.4144444444444444,1.0,1.0,200
mordakhesh,0.14232456140350877,1.0,15.0,13000
morkoth,0.515625,1.625,11.0,7200
mouth of grolantor,0.7083333333333334,1.0,6.0,2300
mr. dory,0.5,1.0,10.0,5900
mud mephit,0.49551282051282053,4.25,0.25,50
mule,0.45416666666666666,1.25,0.125,25
mummy,0.44589428674181,2.4411764705882355,3.0,700
mummy lord,0.9416481481481482,1.09,15.0,13000
murder comet,0.1408746015888873,1.0,5.0,1800
murgaxor,0.14285714285714285,1.0,9.0,5000
myconid adult,0.7669642857142858,1.875,0.5,100
myconid sovereign,0.7615831323148397,1.1538461538461537,2.0,450
nabassu,0.7760989010989011,1.4285714285714286,15.0,13000
naergoth bladelord,0.4419642857142857,2.25,11.0,7200
nagpa,0.9027777777777778,1.1111111111111112,17.0,18000
naiad,0.22458791208791207,1.0,2.0,450
nalfeshnee,0.15275297619047618,1.25,13.0,10000
narzugon,0.23923992673992672,1.5,13.0,10000
necrichor,0.06340579710144928,1.0,7.0,2900
necromancer,0.38560287751464223,1.3125,9.0,5000
necromancer wizard,0.14226989450341948,1.380952380952381,9.0,5000
necromite of myrkul,0.3055555555555555,1.75,0.5,100
necrotic centipede,1.0,1.0,11.0,7200
needle blight,0.6618425147836913,3.2222222222222223,0.25,50
needle lord,0.09453781512605042,1.5,3.0,700
needle spawn,0.35714285714285715,5.0,0.5,100
neogi,0.43,1.2,3.0,700
neogi hatchling,0.6120448179271708,7.333333333333333,0.125,25
neogi hatchling swarm,0.125,1.0,3.0,700
neogi master,0.356748517947613,1.3846153846153846,4.0,1100
neogi pirate,0.337797619047619,2.0,3.0,700
neogi void hunter,0.2361111111111111,1.5,4.0,1100
neothelid,0.49206349206349204,1.1666666666666667,13.0,10000
nereid,0.19335063085063084,1.0,2.0,450
nergaliid,0.19322916666666667,1.0,3.0,700
night blade,0.47916666666666663,3.0,0.25,50
night hag,0.2746548072286198,1.3846153846153846,5.0,1800
nightmare,0.28003386406501923,1.0689655172413792,3.0,700
nightmare beast,0.66213429816371,2.111111111111111,16.0,15000
nightmare shepherd,0.2648300138496217,1.2222222222222223,11.0,7200
nightveil specter,0.2625165928655631,1.8,10.0,5900
nightwalker,0.5828243616287094,2.142857142857143,20.0,25000
nilbog,0.3422221717676263,2.1818181818181817,1.0,200
nimblewright,0.21428571428571427,2.0,4.0,1100
nintra siotta,0.3333333333333333,2.0,16.0,15000
nivix cyclops,0.41666666666666663,1.5,8.0,3900
noble,0.3076388888888889,1.5,0.125,25
nosferatu,0.33856682769726243,3.3333333333333335,8.0,3900
nothic,0.5188208616780046,1.8571428571428572,2.0,450
nupperibo,0.2883006406591312,1.2307692307692308,0.5,100
nycaloth,0.17855175721485883,1.9090909090909092,9.0,5000
oaken bolter,0.55,1.0,5.0,1800
oblex spawn,0.625,3.5,0.25,50
occult extollant,1.0,2.5,6.0,2300
occult initiate,0.43333333333333335,2.3333333333333335,2.0,450
occult silvertongue,0.125,1.0,8.0,3900
oceanus,0.125,2.0,0.5,100
ochre jelly,0.39154978354978354,1.88,2.0,450
ogre,0.5866216950809136,3.045977011494253,2.0,450
ogre battering ram,0.1472934472934473,1.6666666666666667,4.0,1100
ogre bolt launcher,0.252051282051282,1.8,2.0,450
ogre chain brute,0.1923076923076923,1.3333333333333333,3.0,700
ogre howdah,0.1,1.0,2.0,450
ogre skeleton,0.2639176123240652,1.3846153846153846,2.0,450
ogre zombie,0.340758180639473,2.3815789473684212,2.0,450
ogr√©moch,0.023809523809523808,1.0,20.0,25000
oinoloth,0.525,1.0,12.0,8400
old croaker,0.12008547008547009,1.3333333333333333,1.0,200
olhydra,0.4444444444444444,1.0,18.0,20000
oni,0.6393611018611018,1.8611111111111112,7.0,2900
ooze master,0.10833333333333334,1.0,10.0,5900
oracle of strixhaven,0.1111111111111111,1.0,15.0,13000
oracs the enduring,0.1196763553906411,1.1428571428571428,21.0,33000
orc,0.6477944779735061,4.594594594594595,0.5,100
orc blade of ilneval,0.3540909090909091,1.8,4.0,1100
orc claw of luthic,0.4047008547008547,2.25,2.0,450
orc eye of gruumsh,0.15937307222473462,1.1304347826086956,2.0,450
orc hand of yurtrus,0.18888888888888888,1.3333333333333333,2.0,450
orc nurtured one of yurtrus,0.7279411764705883,7.5,0.5,100
orc red fang of shargaas,0.2375,1.75,3.0,700
orc war chief,0.25687590187590187,1.32,4.0,1100
orcus,0.13675213675213674,1.0,26.0,90000
oread,0.5755555555555556,2.0,4.0,1100
oreioth,0.1,4.0,2.0,450
oriq blood mage,0.4666666666666666,1.0,9.0,5000
orog,0.3901864062467986,3.125,2.0,450
orthon,0.27826648757478795,1.5454545454545454,10.0,5900
orzhov giant,0.6060606060606061,2.0,6.0,2300
otyugh,0.3882783882783883,1.625,5.0,1800
owlbear,0.5502189952413699,2.1132075471698113,3.0,700
ox,0.95,2.75,0.25,50
panther,0.30892857142857144,1.2272727272727273,0.25,50
pari,0.1287931204597871,1.1111111111111112,13.0,10000
pegasus,0.35097274568159226,1.6595744680851063,2.0,450
pendragon beestinger,0.07142857142857142,1.0,2.0,450
pentadrone,0.4416666666666666,1.0,2.0,450
peryton,0.26001831501831496,2.4,2.0,450
pest mascot,0.6666666666666666,4.0,0.25,50
phantom warrior,0.18967072131353646,1.8421052631578947,3.0,700
phase spider,0.5922270963721458,3.1714285714285713,3.0,700
phoenix,0.5099732620320856,1.5,16.0,15000
phylaskia,0.2192153848803465,1.0833333333333333,9.0,5000
pidlwick ii,0.5,1.0,0.25,50
piercer,0.20454545454545453,3.5,0.5,100
pirate bosun,0.4444444444444444,12.0,0.5,100
pirate captain,0.225,1.5,2.0,450
pirate deck wizard,0.12257495590828922,1.6666666666666667,1.0,200
pirate first mate,0.35802469135802467,2.3333333333333335,1.0,200
pit fiend,0.4413339438339438,1.4,20.0,25000
pixie,0.45140616693248276,3.4,0.25,50
planetar,0.5057142857142857,1.2,16.0,15000
plasmoid boss,0.16666666666666666,1.0,4.0,1100
plasmoid warrior,0.35384615384615387,3.0,3.0,700
plesiosaurus,0.4567307692307692,1.625,2.0,450
podling,0.6868686868686869,7.0,0.5,100
poison weird,0.5,1.0,4.0,1100
poisonous snake,0.5954313543599258,1.5714285714285714,0.125,25
polar bear,0.419731671873887,3.838709677419355,2.0,450
poltergeist,0.15023809523809523,1.0,2.0,450
polukranos,0.8333333333333334,1.6666666666666667,19.0,22000
pony,0.4,6.0,0.125,25
pow ming,0.07142857142857142,1.0,6.0,2300
precognitive mage,0.5,1.0,3.0,700
priest,0.3179381615116909,1.88,2.0,450
priest of osybus,0.3333333333333333,1.0,6.0,2300
princess ebonmire,0.5,1.0,4.0,1100
princess serissa,0.2,1.0,13.0,10000
prismari apprentice,0.5069444444444444,4.333333333333333,2.0,450
prismari pledgemage,0.53125,2.5,4.0,1100
prismari professor of expression,0.28125,1.0,7.0,2900
prismari professor of perfection,0.5,1.0,7.0,2900
prophetess dran,0.025,1.0,2.0,450
pseudodragon,0.22366653408320078,1.0277777777777777,0.25,50
psurlon,0.4515873015873016,1.6666666666666667,2.0,450
psurlon leader,0.23148148148148148,1.0,6.0,2300
psurlon ringer,0.25,1.0,1.0,200
pterafolk,0.20238095238095238,1.0,1.0,200
pteranodon,0.6871037459272753,4.470588235294118,0.25,50
puppeteer parasite,0.41666666666666663,1.0,3.0,700
purple worm,0.636576078242745,2.5833333333333335,15.0,13000
purple wormling,0.641904761904762,2.8,2.0,450
quadrone,0.4076190476190476,2.6,1.0,200
quaggoth,0.6101956580005361,4.0,2.0,450
quaggoth spore servant,0.6643015521064302,1.6,1.0,200
quaggoth thonot,0.3692411924119241,1.0,3.0,700
quandrix apprentice,0.21135265700483089,3.3333333333333335,2.0,450
quandrix pledgemage,0.17602657004830916,2.6666666666666665,4.0,1100
quandrix professor of substance,0.05298913043478261,1.0,7.0,2900
quandrix professor of theory,0.0625,1.0,7.0,2900
quasit,0.3575173110985262,1.2040816326530612,1.0,200
quetzalcoatlus,0.3688888888888889,1.0769230769230769,2.0,450
quickling,0.48626968269825416,4.0476190476190474,1.0,200
radiant idol,0.875,1.0,11.0,7200
raezil,0.2,8.0,1.0,200
rahadin,0.19642857142857142,1.0,10.0,5900
rain,0.03571428571428571,1.0,5.0,1800
rak tulkhesh,0.28205128205128205,1.2,28.0,120000
rakdos,0.16666666666666666,1.0,24.0,62000
rakdos lampooner,0.3055555555555556,1.0,2.0,450
rakshasa,0.9820484581497798,1.1277533039647578,13.0,10000
ravager slaughter lord,0.5,1.0,9.0,5000
razerblast,0.8333333333333334,5.0,5.0,1800
reaper of bhaal,0.5714285714285714,1.5,2.0,450
reckoner,0.21001221001221002,1.3333333333333333,4.0,1100
red abishai,0.28970439691027927,2.272727272727273,19.0,22000
red dragon wyrmling,0.3180944467258696,1.1363636363636365,4.0,1100
red greatwyrm,0.5277777777777778,1.0,27.0,105000
red guard drake,0.4588235294117647,2.6666666666666665,2.0,450
red slaad,0.4787179487179487,1.8,5.0,1800
redcap,0.4271123321123321,2.6666666666666665,3.0,700
reef shark,0.5508741258741259,3.4545454545454546,0.5,100
reflection,0.7212121212121212,6.666666666666667,0.5,100
regenerating black pudding,0.11904761904761904,5.0,5.0,1800
reghed chieftain,0.2,2.0,5.0,1800
reghed great warrior,0.3333333333333333,2.0,5.0,1800
reigar,0.5,2.0,8.0,3900
relentless juggernaut,0.15103032153032153,1.2,12.0,8400
relentless slasher,0.15670594837261506,1.0,8.0,3900
relic sloth,0.13636363636363635,1.0,2.0,450
remorhaz,0.6232142857142857,2.1666666666666665,11.0,7200
replica pentadrone,0.5294117647058824,1.0,2.0,450
retriever,0.4915275200989487,1.4285714285714286,14.0,11500
returned drifter,0.2588181426416721,1.8571428571428572,0.25,50
returned palamnite,0.07827985739750445,1.0,4.0,1100
returned sentry,0.16890317229939872,1.1428571428571428,1.0,200
revenant,0.3756101987879481,2.27027027027027,5.0,1800
rhinoceros,0.5744444444444444,1.65,2.0,450
riding horse,0.39721055088702145,1.411764705882353,0.25,50
ringlerun,1.0,1.0,5.0,1800
rip tide priest,0.07142857142857142,1.0,2.0,450
riverine,1.0,1.0,12.0,8400
roc,0.5555989813968537,1.9787234042553192,11.0,7200
roper,0.28554421768707483,1.5714285714285714,5.0,1800
rot troll,0.41904761904761906,1.5,9.0,5000
rug of smothering,0.38095238095238093,2.0,2.0,450
ruin grinder,0.19047619047619047,1.0,5.0,1800
rust monster,0.8560606060606061,4.166666666666667,0.5,100
rutterkin,0.14839403989020358,1.1875,2.0,450
sacred stone monk,0.3333333333333333,2.0,0.5,100
sahuagin,0.7106820039132291,5.424242424242424,0.5,100
sahuagin baron,0.3525506386617498,1.6666666666666667,5.0,1800
sahuagin blademaster,0.5028218694885361,2.6666666666666665,6.0,2300
sahuagin champion,0.1040521978021978,1.5,3.0,700
sahuagin coral smasher,0.1346153846153846,2.0,1.0,200
sahuagin deep diver,0.3932980599647266,1.0,4.0,1100
sahuagin hatchling swarm,0.2403846153846154,2.5,3.0,700
sahuagin high priestess,0.22596153846153846,1.5,5.0,1800
sahuagin priestess,0.20186053053700115,1.7058823529411764,2.0,450
sahuagin wave shaper,0.037037037037037035,1.0,5.0,1800
salamander,0.6169059011164274,2.526315789473684,5.0,1800
sanbalet,0.14285714285714285,1.0,1.0,200
sapphire dragon wyrmling,0.19642857142857142,1.0,3.0,700
sapphire sentinel,1.0,1.0,10.0,5900
satyr,0.6016835016835017,2.888888888888889,0.5,100
satyr reveler,0.4146825396825397,1.5,1.0,200
satyr thornbearer,0.40158730158730155,1.3333333333333333,2.0,450
scaladar,0.3857142857142857,4.666666666666667,8.0,3900
scarecrow,0.5452298566485418,3.1176470588235294,1.0,200
scholarly excavator,1.0,1.0,3.0,700
scorchbringer guard,0.25,3.0,0.5,100
scout,0.3986812106054921,2.9491525423728815,0.5,100
scrag,1.0,2.0,5.0,1800
screaming devilkin,0.4722222222222222,3.0,1.0,200
scuttling serpentmaw,0.6375,2.5,4.0,1100
sea fury,0.6666666666666666,2.5,12.0,8400
sea hag,0.6031088702963703,2.5,2.0,450
sea spawn,0.6609771181199753,4.142857142857143,1.0,200
sentient ochre jelly,0.5263157894736842,10.0,2.0,450
sergeant,0.16666666666666666,1.0,0.125,25
setessan hoplite,0.30833333333333335,5.0,4.0,1100
shade,0.5,1.0,0.5,100
shadow,0.5424142085854596,3.4489795918367347,0.5,100
shadow assassin,0.4647078270628995,2.0,9.0,5000
shadow dancer,0.33685837971552257,1.4285714285714286,7.0,2900
shadow demon,0.4056574241928933,1.4782608695652173,4.0,1100
shadow horror,0.310963108099331,1.2352941176470589,9.0,5000
shadow mastiff,0.5054091641048163,3.4166666666666665,2.0,450
shadow mastiff alpha,0.2,1.0,3.0,700
shadowghast,0.2698809523809524,1.625,5.0,1800
shambling mound,0.4616811772314165,1.9696969696969697,5.0,1800
sharkbody abomination,0.5214285714285715,5.0,2.0,450
shell shark,0.2222222222222222,2.0,2.0,450
shemshime,0.75,3.0,4.0,1100
shield guardian,0.4776006821461367,1.3636363636363635,7.0,2900
shoosuva,0.23608073571308866,1.0833333333333333,8.0,3900
sibriex,0.7333333333333333,1.0,18.0,20000
silver dragon wyrmling,0.030303030303030304,2.0,2.0,450
silver greatwyrm,0.42777777777777776,1.3333333333333333,28.0,120000
silverquill apprentice,0.2540113871635611,4.333333333333333,2.0,450
silverquill pledgemage,0.11820652173913043,2.5,4.0,1100
silverquill professor of radiance,0.043478260869565216,1.0,7.0,2900
silverquill professor of shadow,0.05298913043478261,1.0,7.0,2900
sire of insanity,0.2151892551892552,1.0,12.0,8400
siren,0.5370370370370371,4.0,3.0,700
skabatha nightshade,1.0,2.0,8.0,3900
skeletal alchemist,0.16416900093370682,1.1666666666666667,0.5,100
skeletal bloodfin,0.09090909090909091,1.0,9.0,5000
skeletal giant owl,0.1513930513930514,1.5714285714285714,0.25,50
skeletal juggernaut,0.31623581653419675,2.111111111111111,5.0,1800
skeletal knight,1.0,4.0,7.0,2900
skeletal owlbear,0.1111111111111111,1.0,3.0,700
skeletal polar bear,0.179356614730674,1.0869565217391304,2.0,450
skeletal swarm,0.2181946206132882,1.48,2.0,450
skeleton,0.5628189343592419,4.6118721461187215,0.25,50
skeleton lord,0.38461538461538464,5.0,9.0,5000
skeleton warrior,0.75,1.5,5.0,1800
skittering horror,0.5027210884353741,1.2857142857142858,15.0,13000
skitterwidget,0.7777777777777777,1.0,5.0,1800
skulk,0.3333333333333333,2.4,0.5,100
skull lord,0.24863359345968042,2.066666666666667,15.0,13000
skum,0.7063492063492064,4.333333333333333,5.0,1800
skyjek roc,0.3044946768630979,1.2222222222222223,2.0,450
skyswimmer,0.525,1.0,13.0,10000
skyweaver,1.0,1.0,3.0,700
slaad tadpole,0.6294871794871795,5.4,0.125,25
sladis vadir,0.07142857142857142,1.0,2.0,450
slarkrethel,0.5,1.0,25.0,75000
slithering bloodfin,0.25,1.0,9.0,5000
slithering tracker,0.2679093567251462,1.75,3.0,700
smiler the defiler,0.3214285714285714,1.0,7.0,2900
smoke mephit,0.5166666666666666,5.75,0.25,50
snow golem,0.5703703703703704,5.666666666666667,3.0,700
snow leopard,0.08333333333333333,1.0,1.0,200
snow maiden,0.18198529411764708,3.0,1.0,200
snowy owlbear,0.21428571428571427,1.0,3.0,700
solar,0.39987558832187986,1.7391304347826086,21.0,33000
soldier,0.38678226013752326,3.25,0.5,100
soul monger,0.2392857142857143,1.6666666666666667,11.0,7200
soul shaker,0.1625,1.0,4.0,1100
space clown,0.44267075517075516,3.1666666666666665,2.0,450
space eel,0.21428571428571427,3.0,0.5,100
spawn of kyuss,0.41455379750527993,1.2857142857142858,5.0,1800
spectator,0.41779609279609276,2.1538461538461537,3.0,700
specter,0.3835031147875337,2.1948051948051948,1.0,200
sperm whale,0.21382575757575759,1.25,8.0,3900
spider king,0.26022727272727275,1.0,1.0,200
spined devil,0.3231014308104578,1.8823529411764706,2.0,450
spirit,0.13876285751285752,1.0,4.0,1100
spirit naga,0.7507232624831309,1.1875,8.0,3900
spirit troll,0.7333333333333333,1.4,11.0,7200
spitting mimic,0.4714285714285714,2.5,5.0,1800
spring eladrin,0.10168269230769231,1.0,10.0,5900
sprite,0.3318719124526747,1.5,0.25,50
spy,0.3744777709063423,1.9523809523809523,1.0,200
ssurran poisoner,0.9090909090909091,10.0,0.5,100
stalagma steelshadow,0.5555555555555556,1.0,16.0,15000
star lancer,0.30707070707070705,1.2,2.0,450
star spawn grue,0.6555555555555556,4.0,0.25,50
star spawn hulk,0.28307565450422595,2.5714285714285716,10.0,5900
star spawn larva mage,0.18230625583566762,1.1666666666666667,16.0,15000
star spawn mangler,0.7085901027077497,3.4,5.0,1800
star spawn seer,0.3467372134038801,1.8888888888888888,13.0,10000
steam mephit,0.5222703222703223,3.111111111111111,0.25,50
steel predator,0.5429834054834054,1.9230769230769231,16.0,15000
stegosaurus,0.25297619047619047,1.5,4.0,1100
stench kow,0.21404901960784314,1.2,0.5,100
stirge,0.6278235653235653,3.3125,0.125,25
stone cursed,0.5322591937976553,5.076923076923077,1.0,200
stone defender,0.2685185185185185,1.5,4.0,1100
stone giant,0.4773321835406234,3.0,7.0,2900
stone giant dreamwalker,0.39325396825396824,1.3333333333333333,10.0,5900
stone golem,0.7013278388278389,1.3928571428571428,10.0,5900
stone juggernaut,0.5,2.0,12.0,8400
stonemelder,0.6666666666666666,4.0,4.0,1100
storm giant,0.5757936507936507,1.7222222222222223,13.0,10000
storm giant quintessent,0.5291125541125542,1.8571428571428572,16.0,15000
storm giant skeleton,0.16319421922682792,1.0833333333333333,16.0,15000
strahd zombie,0.767086038961039,3.3125,1.0,200
strigoi,0.5833333333333334,2.0,4.0,1100
succubus,0.5945906432748538,2.2666666666666666,4.0,1100
sul khatesh,0.3531759906759907,1.25,28.0,120000
summer eladrin,0.4794871794871795,2.0,10.0,5900
swarm of animated books,0.6055555555555555,4.5,0.25,50
swarm of bats,0.6697656840513984,2.0952380952380953,0.25,50
swarm of books,1.0,2.0,0.25,50
swarm of campestris,0.23809523809523808,1.0,1.0,200
swarm of centipedes,0.1111111111111111,1.0,0.5,100
swarm of cranium rats,0.6906702898550725,2.75,5.0,1800
swarm of insects,0.6408432147562582,3.869565217391304,0.5,100
swarm of maggots,0.625,1.0,2.0,450
swarm of mechanical spiders,0.3,1.3333333333333333,0.5,100
swarm of poisonous snakes,0.530015873015873,1.48,2.0,450
swarm of quippers,0.638888888888889,2.5,1.0,200
swarm of rats,0.3835212000318952,3.090909090909091,0.25,50
swarm of ravens,0.5677350427350427,1.9230769230769231,0.25,50
swarm of rot grubs,0.1693923228187934,1.3333333333333333,0.5,100
swarm of scarabs,0.3666666666666667,1.5,3.0,700
swarm of spiders,1.0,2.0,0.5,100
swarm of undead snakes,0.1915146816499115,1.368421052631579,2.0,450
swarm of wasps,0.17599206349206348,1.0,0.5,100
swarm of zombie limbs,0.1733469145233851,1.0588235294117647,1.0,200
swashbuckler,0.48760393046107325,1.1428571428571428,3.0,700
swavain basilisk,1.0,1.0,7.0,2900
sword wraith commander,0.24810036589661483,1.3888888888888888,8.0,3900
sword wraith warrior,0.34421743755126955,3.32,3.0,700
tanarukk,0.25842280325038947,1.4827586206896552,5.0,1800
tarkanan assassin,0.7678571428571428,2.75,2.0,450
tarrasque,0.7145299145299144,1.5,30.0,155000
tarul var,0.20793650793650795,1.0,13.0,10000
telepathic pentacle,0.25,1.0,8.0,3900
terracotta warrior,0.3333333333333333,2.5,1.0,200
thayan warrior,0.3333333333333333,3.0,2.0,450
the abbot,0.25,1.0,10.0,5900
the angry,0.16666666666666666,1.0,13.0,10000
the hungry,0.27941176470588236,1.0,11.0,7200
the keeper,0.3333333333333333,1.0,7.0,2900
the lonely,0.4375,1.75,9.0,5000
the lord of blades,0.3833333333333333,1.3333333333333333,18.0,20000
the lost,0.16666666666666666,1.0,7.0,2900
theran chimera,0.08190883190883191,1.6666666666666667,7.0,2900
thorn slinger,0.23015873015873015,1.3333333333333333,0.5,100
thorny,0.5185185185185185,2.0,1.0,200
thorny vegepygmy,0.10244360902255639,1.0,1.0,200
thought spy,0.41666666666666663,2.5,1.0,200
three earrings,0.23076923076923078,3.0,2.0,450
thug,0.5489802217541483,2.8378378378378377,0.5,100
thunderbeast skeleton,0.2379158161170356,1.1,3.0,700
thwad underbrew,0.03571428571428571,1.0,9.0,5000
tiamat,0.544047619047619,1.0,30.0,155000
tiger,0.3740539685596006,1.8,1.0,200
tin soldier,0.5714285714285714,4.0,1.0,200
titivilus,0.14583333333333331,1.0,16.0,15000
tlacatecolo,0.07652044432532237,1.4,5.0,1800
tlexolotl,0.5,2.0,10.0,5900
tlincalli,0.24746031746031746,1.8,5.0,1800
tomb guardian,0.43452380952380953,1.25,5.0,1800
tomb tapper,0.44007936507936507,1.3333333333333333,10.0,5900
topi,0.15758126736387607,1.0,0.5,100
torogar steelfist,0.08867521367521367,1.0,11.0,7200
transmuter,0.11399711399711399,1.0,5.0,1800
transmuter wizard,0.34649122807017546,1.25,5.0,1800
trapper,0.4375,1.0,3.0,700
traxigor,0.8142857142857143,1.6,12.0,8400
treant,0.6750013562043637,2.6666666666666665,9.0,5000
treant sapling,0.48333333333333334,3.3333333333333335,2.0,450
tree blight,0.6957055403279659,1.3478260869565217,7.0,2900
trenzia,1.0,1.0,4.0,1100
tribal warrior,0.5242470506789392,5.526315789473684,0.125,25
triceratops,0.438572081513258,2.2666666666666666,5.0,1800
tridrone,0.25,2.0,0.5,100
triton shorestalker,0.05555555555555555,1.0,2.0,450
trobriand,0.14448158051099227,1.3333333333333333,22.0,41000
troglodyte,0.5159997306614954,3.066666666666667,0.25,50
troll,0.5034907677881932,2.8688524590163933,5.0,1800
tromokratis,0.5277777777777778,1.0,26.0,90000
trostani,0.3743705789160334,1.2727272727272727,18.0,20000
tsucora quori,0.4107142857142857,2.0,7.0,2900
turlang,0.5158730158730159,2.3333333333333335,9.0,5000
twig blight,0.6986060236060236,4.666666666666667,0.125,25
typhon,0.6587301587301587,1.3333333333333333,15.0,13000
tyrannosaurus rex,0.5330262718242258,1.6956521739130435,8.0,3900
tyrannosaurus zombie,0.26079472632267664,2.2142857142857144,8.0,3900
udaak,0.25437232905982904,1.5,16.0,15000
ulitharid,0.09417989417989418,1.0,9.0,5000
ultroloth,0.1877289377289377,1.1818181818181819,13.0,10000
umber hulk,0.4445335710041592,1.5454545454545454,5.0,1800
umbraxakar,0.6666666666666666,1.0,15.0,13000
undead bulette,0.19119769119769117,1.0,5.0,1800
undead cockatrice,0.17191120905629176,1.12,0.5,100
undead shambling mound,0.09883287344320978,1.0,5.0,1800
undercity medusa,0.6,1.0,6.0,2300
underworld cerberus,1.0,1.3333333333333333,6.0,2300
undying councilor,0.08549077733860343,1.0,10.0,5900
undying soldier,0.19077234543522,1.0833333333333333,2.0,450
unicorn,0.21204248366013073,1.9,5.0,1800
unspeakable horror,0.5714285714285714,1.0,8.0,3900
uthgardt barbarian leader,0.05,2.0,2.0,450
vaasha,0.08333333333333333,1.0,13.0,10000
valenar hound,0.25,1.0,0.5,100
valindra shadowmantle,1.0,1.0,21.0,33000
vampirate,0.42857142857142855,3.0,2.0,450
vampirate captain,0.14285714285714285,1.0,6.0,2300
vampire,0.7061820532408768,1.3636363636363635,13.0,10000
vampire spawn,0.3782391293419121,2.0,5.0,1800
vampire spellcaster,0.2533175009134089,2.0,15.0,13000
vampire warrior,0.396810046482361,1.75,15.0,13000
vampiric jade statue,0.3253968253968254,1.0,8.0,3900
vampiric mind flayer,0.14003623188405795,1.0,5.0,1800
vampiric mist,0.28542651094138505,1.5263157894736843,3.0,700
vanifer,0.16666666666666666,1.0,9.0,5000
vargouille,0.4,4.0,1.0,200
vecna the archlich,0.2272893772893773,1.4,26.0,90000
vegepygmy,0.8571428571428571,3.0,0.25,50
vegepygmy chief,0.6233454045954046,1.25,2.0,450
vellynne harpell,0.07575757575757576,5.0,4.0,1100
velociraptor,0.6433466079692495,5.256410256410256,0.25,50
venom troll,0.5485347985347985,1.75,7.0,2900
verbeeg longstrider,0.3333333333333333,1.0,5.0,1800
verbeeg marauder,0.45973389355742295,3.25,4.0,1100
veteran,0.48834398483731073,2.753846153846154,3.0,700
vine blight,0.47022430512687297,3.823529411764706,0.5,100
violet fungus,0.6705263157894736,2.2,0.25,50
void scavver,1.0,2.0,11.0,7200
vrock,0.33231621703940045,1.4411764705882353,6.0,2300
war priest,0.31099220976068265,1.619047619047619,9.0,5000
warduke,0.29733333333333334,1.1,5.0,1800
warforged colossus,0.3254401154401154,1.8,25.0,75000
warforged soldier,0.43888888888888894,1.8,1.0,200
warforged titan,0.49079365079365084,1.0,8.0,3900
warhorse,0.36866590349966305,1.3603603603603605,0.5,100
warhorse skeleton,0.21722943722943722,1.8,0.5,100
warlock of the archfey,0.74,1.8,4.0,1100
warlock of the fiend,0.8975044563279857,1.2352941176470589,7.0,2900
warlock of the great old one,0.2706349206349206,2.5,6.0,2300
warlord,0.42408293460925034,1.368421052631579,12.0,8400
wastrilith,0.5288800705467372,3.3333333333333335,13.0,10000
water elemental,0.43530064462900286,1.6417910447761195,5.0,1800
water elemental myrmidon,0.32356150793650795,1.25,7.0,2900
water weird,0.6097619047619048,2.2666666666666666,3.0,700
werebat,0.3377450980392157,2.0,2.0,450
werebear,0.41359274969956084,2.1176470588235294,5.0,1800
wereboar,0.5138963415995244,4.111111111111111,4.0,1100
wererat,0.8198113952020202,2.0625,2.0,450
wereraven,0.3143230625583567,1.2,2.0,450
weretiger,0.5333456304044539,4.055555555555555,4.0,1100
werewolf,0.5738288840699141,3.7755102040816326,3.0,700
whistler,0.625,1.75,9.0,5000
white abishai,0.3956203114350241,1.631578947368421,6.0,2300
white dragon wyrmling,0.4044117647058823,2.0,2.0,450
white greatwyrm,0.6,1.0,27.0,105000
whymsee,1.0,1.0,5.0,1800
wight,0.4159174071871817,2.509433962264151,3.0,700
winged bull,0.3125,1.0,4.0,1100
winged kobold,0.5940765212695037,5.555555555555555,0.25,50
winged lion,0.6547619047619048,1.7142857142857142,4.0,1100
winged thrull,0.2857142857142857,2.0,0.5,100
winter eladrin,0.31666666666666665,2.5,10.0,5900
winter wolf,0.4827248400836636,2.38,3.0,700
witherbloom apprentice,0.2723214285714286,4.0,2.0,450
witherbloom pledgemage,0.17410714285714285,2.5,4.0,1100
witherbloom professor of growth,0.0625,1.0,7.0,2900
withers,0.21428571428571427,3.0,4.0,1100
woe strider,0.6444444444444444,1.1666666666666667,7.0,2900
wolf,0.6815263763132141,3.2217898832684826,0.25,50
wood elf wizard,1.0,1.0,7.0,2900
wood woad,0.6166482210599857,2.764705882352941,5.0,1800
wooden donkey,0.8,8.0,0.125,25
worg,0.6502081252081252,3.857142857142857,0.5,100
wraith,0.34556969109322044,1.78,5.0,1800
wretched sorrowsworn,0.3125,5.0,0.25,50
wurm,0.8333333333333334,1.3333333333333333,15.0,13000
wyvern,0.3767813774042633,2.7096774193548385,6.0,2300
xandala,0.25,1.0,7.0,2900
xardorok sunblight,0.14285714285714285,4.0,5.0,1800
xorn,0.4539865247473943,2.7333333333333334,5.0,1800
yagnoloth,0.09090909090909091,1.0,11.0,7200
yakfolk priest,1.0,1.0,4.0,1100
yakfolk warrior,0.2857142857142857,2.0,3.0,700
yeenoghu,0.4583333333333333,1.6666666666666667,24.0,62000
yellow musk creeper,0.17763157894736842,1.5,2.0,450
yellow musk zombie,0.13293091282392908,1.0357142857142858,0.25,50
yeth hound,0.38066239316239314,1.8888888888888888,4.0,1100
yeti,0.4962978502978503,2.84,3.0,700
yeti tyke,0.3333333333333333,1.0,0.125,25
yggdrasti,0.4866445611126462,2.888888888888889,7.0,2900
"ygorl, lord of entropy",0.2,1.0,23.0,50000
yochlol,0.6066666666666667,1.6,10.0,5900
young amethyst dragon,0.11025641025641025,1.5,9.0,5000
young black dragon,0.5192699296317718,1.2142857142857142,7.0,2900
young blue dragon,0.6539529914529914,1.2307692307692308,9.0,5000
young brass dragon,0.7317460317460317,2.6666666666666665,6.0,2300
young bronze dragon,0.27839864813549026,1.3571428571428572,8.0,3900
young cloud giant,0.40079365079365076,2.3333333333333335,5.0,1800
young copper dragon,0.25666666666666665,1.6,7.0,2900
young crystal dragon,0.5675925925925926,1.1111111111111112,5.0,1800
young deep dragon,0.5384615384615384,1.0,5.0,1800
young dragon turtle,0.41666666666666663,1.0,10.0,5900
young emerald dragon,0.14285714285714285,1.0,8.0,3900
young gold dragon,0.3484184999535877,1.3333333333333333,10.0,5900
young green dragon,0.42739621489621493,1.0,8.0,3900
young griffon (medium),0.4270833333333333,1.0,1.0,200
young horizonback tortoise,1.0,1.0,3.0,700
young kraken,1.0,1.0,14.0,11500
young kruthik,0.8042293233082706,6.8,0.125,25
young lunar dragon,0.35,1.0,7.0,2900
young purple worm,0.76,2.0,13.0,10000
young red dragon,0.5093370968370968,1.135135135135135,10.0,5900
young red shadow dragon,0.5029982363315697,1.1111111111111112,13.0,10000
young remorhaz,0.48830270075944815,2.7058823529411766,5.0,1800
young sapphire dragon,0.5,2.0,9.0,5000
young sea serpent,0.4330808080808081,2.0,8.0,3900
young silver dragon,0.3197278911564626,1.1428571428571428,9.0,5000
young solar dragon,0.25,1.0,9.0,5000
young topaz dragon,1.0,1.0,7.0,2900
young white dragon,0.5041839346461195,1.2857142857142858,6.0,2300
young winter wolf,0.125,1.0,1.0,200
yuk yuk,1.0,5.0,0.25,50
zakya rakshasa,0.06331168831168832,1.0,5.0,1800
zarak,0.5,1.0,2.0,450
zaratan,0.7548076923076923,1.0,22.0,41000
zariel,0.475,1.25,26.0,90000
zephyros,0.2,1.0,13.0,10000
zikzokrishka,0.5,1.0,17.0,18000
ziraj the hunter,0.5,1.0,8.0,3900
zodar,0.16666666666666666,1.0,16.0,15000
zombie,0.5526610828455387,4.118279569892473,0.25,50
zombie clot,0.3312392190077612,1.55,6.0,2300
zombie plague spreader,0.23139144156688018,1.6666666666666667,4.0,1100
zombie troll,1.0,1.0,4.0,1100
zress orlezziir,0.2,1.0,9.0,5000
zuggtmoy,0.47222222222222215,1.3333333333333333,23.0,50000
